<?xml version="1.0" encoding="UTF-8" ?>
<!DOCTYPE mapper
        PUBLIC "-//mybatis.org//DTD Mapper 3.0//EN"
        "http://mybatis.org/dtd/mybatis-3-mapper.dtd">
<mapper namespace="com.example.mybatisstudy03.dao.TeacherMapper">

<!--按结果嵌套查询-->
    <select id="getallStudent"  resultMap="TeacherStudent">
        SELECT s.`id` sid, s.`name` sname,t.`name` tname,t.`id` tid
        FROM student s,teacher t
        WHERE s.tid = t.id
        and t.id = #{tid}
    </select>

    <resultMap id="TeacherStudent" type="Teacher">
        <result property="id" column="tid"/>
        <result property="name" column="tname"/>
<!--学生是个集合
    javaType 指定的属性类型 集合中的泛型信息 我们用ofType获取
-->
        <collection property="students" ofType="Student">
            <result property="id" column="sid"/>
            <result property="name" column="sname"/>
            <result property="tid" column="tid"/>
        </collection>
    </resultMap>



</mapper>