<?xml version="1.0" encoding="UTF-8" ?>
<!DOCTYPE configuration
        PUBLIC "-//mybatis.org//DTD Config 3.0//EN"
        "http://mybatis.org/dtd/mybatis-3-config.dtd">
<configuration>

<!--引入外部配置文件-->
    <properties resource="db.properties"></properties>


    <settings>
        <setting name="logImpl" value="LOG4J"/>
    </settings>
    <typeAliases>
        <typeAlias type="com.example.mybatisstudy03.pojo.Student" alias="Student"></typeAlias>
        <typeAlias type="com.example.mybatisstudy03.pojo.Teacher" alias="Teacher"></typeAlias>
        <package name="com.example.mybatisstudy02.pojo" />
    </typeAliases>

<!--多套环境在default那里修改-->
    <environments default="development">
        <environment id="development">
            <transactionManager type="JDBC"/>
            <dataSource type="POOLED">
                <property name="driver" value="${driver}"/>
                <property name="url" value="${url}"/>
                <property name="username" value="${username}"/>
                <property name="password" value="${password}"/>
            </dataSource>
        </environment>
    </environments>
<mappers>
    <mapper class="com.example.mybatisstudy03.dao.StudentMapper"/>
    <mapper class="com.example.mybatisstudy03.dao.TeacherMapper"/>
</mappers>

</configuration>