<?xml version="1.0" encoding="UTF-8" ?>
<!DOCTYPE configuration
        PUBLIC "-//mybatis.org//DTD Config 3.0//EN"
        "http://mybatis.org/dtd/mybatis-3-config.dtd">
<configuration>

<!--引入外部配置文件-->
    <properties resource="db.properties"></properties>

    <settings>
        <setting name="logImpl" value="LOG4J"/>
    </settings>

<!--别名-->
    <typeAliases>
        <typeAlias type="com.example.mybatisstudy.pojo.User" alias="User"></typeAlias>
        <package name="com.example.mybatisstudy.pojo"/>
    </typeAliases>
<!--多套环境在default那里修改-->
    <environments default="development">
        <environment id="development">
            <transactionManager type="JDBC"/>
            <dataSource type="POOLED">
                <property name="driver" value="${driver}"/>
                <property name="url" value="${url}"/>
                <property name="username" value="${username}"/>
                <property name="password" value="${password}"/>
            </dataSource>
        </environment>
    </environments>

    <mappers>
<!--使用xml文件：每一个Mapper.xml都需要在mybatis核心配置文件中注册-->
<!--     <mapper resource="com/example/mybatisstudy/dao/UserMapper.xml"/>-->
<!--&lt;!&ndash;使用class文件：使用映射器接口实现类的完全限定类名,需要配置文件名称和接口名称一致，并且位于同一目录下&ndash;&gt;-->
<!--     <mapper class="com.example.mybatisstudy.dao.UserMapper"></mapper>-->
<!--&lt;!&ndash; 将包内的映射器接口实现全部注册为映射器,但是需要配置文件名称和接口名称一致，并且位于同一目录下&ndash;&gt;-->
<!--     <package name="com.example.mybatisstudy.dao"/>-->

        <mapper class="com.example.mybatisstudy.dao.UserMapper"/>
    </mappers>
</configuration>