<?xml version="1.0" encoding="UTF-8"?>
<beans xmlns="http://www.springframework.org/schema/beans"
       xmlns:xsi="http://www.w3.org/2001/XMLSchema-instance"
       xmlns:aop="http://www.springframework.org/schema/aop"
       xsi:schemaLocation="http://www.springframework.org/schema/beans
       http://www.springframework.org/schema/beans/spring-beans.xsd
       http://www.springframework.org/schema/aop
       http://www.springframework.org/schema/aop/spring-aop.xsd">


<!--指定要扫描的包-->
<!--    <context:component-scan base-package="com.example.demo"/>-->
<!--    <context:annotation-config/>-->

<!--    <bean id="user" class="com.example.demo.User"/>-->

<!--    <bean id="user" class="com.example.demo.User">-->
<!--        <property name="name" value="shanshan"/>-->
<!--    </bean>-->

<!--    <bean scope="prototype"/>-->

    <!--注册bean-->
    <bean id="userService" class="com.example.demo.Service01.UserServiceImpl"/>
    <bean id="log" class="com.example.demo.log.Log"/>
    <bean id="afterlog" class="com.example.demo.log.AfterLog"/>


    <!--配置aop: -->
<!--&lt;!&ndash;方式一:使用原生Spring API接口&ndash;&gt;-->
<!--    <aop:config>-->
<!--&lt;!&ndash;切入点:expression execution(要执行的位置! * * * * *)&ndash;&gt;-->
<!--        <aop:pointcut id="pointcut" expression="execution(* com.example.demo.Service01.UserService.*(..))"/>-->
<!--&lt;!&ndash;之形环绕增强!&ndash;&gt;-->
<!--        <aop:advisor advice-ref="log" pointcut-ref="pointcut"/>-->
<!--        <aop:advisor advice-ref="afterlog" pointcut-ref="pointcut"/>-->
<!--    </aop:config>-->

<!--    &lt;!&ndash;方式二:自定义类来实现Aop&ndash;&gt;-->
<!--    <bean id="diy" class="com.example.demo.diy.DiyPointCut"/>-->
<!--    <aop:config>-->
<!--    &lt;!&ndash;自定义切面:ref 要引用的类&ndash;&gt;-->
<!--        <aop:aspect ref="diy">-->
<!--    &lt;!&ndash;切入点:expression execution(要执行的位置! * * * * *)&ndash;&gt;-->
<!--            <aop:pointcut id="point" expression="execution(* com.example.demo.Service01.UserServiceImpl.*(..))"/>-->
<!--    &lt;!&ndash;通知&ndash;&gt;-->
<!--            <aop:before method="before" pointcut-ref="point"/>-->
<!--            <aop:after method="after" pointcut-ref="point"/>-->
<!--        </aop:aspect>-->
<!--    </aop:config>-->

<!--方式3:使用注解实现-->
<!--不想配置可以直接在切点加Component-->
    <bean id="annotationPointCut" class="com.example.demo.diy.AnnotationPointCut"/>
<!--开启注解支持 JDK(默认) cglib-->
    <aop:aspectj-autoproxy />

</beans>