<?xml version="1.0" encoding="UTF-8" ?>
<!DOCTYPE mapper
        PUBLIC "-//mybatis.org//DTD Mapper 3.0//EN"
        "http://mybatis.org/dtd/mybatis-3-mapper.dtd">
<mapper namespace="com.example.mybatisstudy.dao.UserMapper">

<!--    <resultMap id="UserMap" type="User">-->
<!--        &lt;!&ndash; id为主键 &ndash;&gt;-->
<!--        <id column="id" property="id"/>-->
<!--        &lt;!&ndash; column是数据库表的列名 , property是对应实体类的属性名 &ndash;&gt;-->
<!--        <result column="name" property="name"/>-->
<!--        <result column="pwd" property="password"/>-->
<!--    </resultMap>-->
<!--    <select id="getUserById" resultMap="UserMap">-->
<!--        select id , name , pwd from user where id = #{id}-->
<!--    </select>-->


    <select id="getUserLike" resultType="com.example.mybatisstudy.pojo.User">
        select * from mybatis.user where name like"%"#{value}"%"
    </select>

    <select id="selectUser" resultType="com.example.mybatisstudy.pojo.User">
        select * from user;
    </select>

    <select id="getUserByLimit" parameterType="map" resultType="user">
        select * from user limit #{startIndex},#{pageSize}
    </select>

    <select id="getUserById" parameterType="int" resultType="com.example.mybatisstudy.pojo.User">
        select * from mybatis.user where id=#{id}
    </select>

    <select id="getUserById2" parameterType="map" resultType="com.example.mybatisstudy.pojo.User">
        select * from mybatis.user where id=#{id} and name=#{name};
    </select>

    <select id="getUserByRowBounds" resultType="user">
        select * from user
    </select>

<!--对象中的属性，可以直接取出来-->
    <insert id="addUser" parameterType="com.example.mybatisstudy.pojo.User">
        insert into mybatis.user(id,name,pwd) values(#{id},#{name},#{pwd})
    </insert>
    <!--
    对象中的属性，可以直接取出来
        传递map的key
    -->
    <insert id="addUser2" parameterType="map">
        insert into mybatis.user(id,name,pwd) values(#{userid},#{userName},#{password})
    </insert>

    <update id="updateUser" parameterType="com.example.mybatisstudy.pojo.User">
        update mybatis.user set name = #{name},pwd =#{pwd} where id=#{id}
    </update>
    <delete id="deleteUser" parameterType="int">
        delete from mybatis.user where id =#{id}
    </delete>
    
    
</mapper>