<?xml version="1.0" encoding="UTF-8"?>
<c3p0-config>
    <!--
c3p0的缺省（默认）配置
如果在代码中"ComboPooledDataSource ds=new ComboPooledDataSource();"这样写就表示使用的是c3p0的缺省（默认）-->
    <default-config>
        <property name="driverClass">com.mysql.cj.jdbc.Driver</property>
        <property name="jdbcUrl">jdbc:mysql://localhost:3306/jdbcstudy?userUnicode=true&amp;characterEncoding=utf8&amp;uesSSL=true&amp;serverTimezone=UTC</property>
        <property name="user">root</property>
        <property name="password">123456</property>

        <property name="acquiredIncrement">5</property>
        <property name="initialPoolSize">10</property>
        <property name="minPoolSize">5</property>
        <property name="maxPoolSize">20</property>
    </default-config>