<?xml version="1.0" encoding="UTF-8"?>
<beans xmlns="http://www.springframework.org/schema/beans"
       xmlns:xsi="http://www.w3.org/2001/XMLSchema-instance"
       xsi:schemaLocation="http://www.springframework.org/schema/beans
       http://www.springframework.org/schema/beans/spring-beans.xsd">


    <bean id="dataSource" class="org.springframework.jdbc.datasource.DriverManagerDataSource">
        <property name="driverClassName" value="com.mysql.jdbc.Driver"/>
        <property name="url" value="jdbc:mysql://localhost:3306/mybatis?useSSL=true&amp;useUnicode=true&amp;characterEncoding=utf8"/>
        <property name="username" value="root"/>
        <property name="password" value="123456"/>
    </bean>

    <!--配置SqlSessionFactory-->
    <bean id="sqlSessionFactory" class="org.mybatis.spring.SqlSessionFactoryBean">
        <property name="dataSource" ref="dataSource"/>
        <!--关联Mybatis-->
        <property name="configLocation" value="classpath:mybatis-config.xml"/>
        <property name="mapperLocations" value="classpath:com/example/demo02/dao/*.xml"/>
    </bean>


    <!--注册sqlSessionTemplate , 关联sqlSessionFactory-->
    <bean id="sqlSession" class="org.mybatis.spring.SqlSessionTemplate">
        <!--利用构造器注入-->
        <constructor-arg index="0" ref="sqlSessionFactory"/>
    </bean>


    <bean id="userMapper" class="com.example.demo02.dao.UserMapperImpl">
        <property name="sqlSession" ref="sqlSession"/>
    </bean>
</beans>